集id,集文件名,下载情况
270453,誰說理組沒正妹？150話[完結],1
267744,誰說理組沒正妹？148-149話,1
265645,誰說理組沒正妹？146-147話,1
263568,誰說理組沒正妹？144-145話,1
261249,誰說理組沒正妹？142-143話,1
259642,誰說理組沒正妹？140-141話,1
257975,誰說理組沒正妹？138-139話,1
256308,誰說理組沒正妹？136-137話,1
254666,誰說理組沒正妹？134-135話,1
253158,誰說理組沒正妹？132-133話,1
251652,誰說理組沒正妹？130-131話,1
250037,誰說理組沒正妹？128-129話,1
247975,誰說理組沒正妹？126-127話,1
246346,誰說理組沒正妹？124-125話,1
244482,誰說理組沒正妹？122-123話,1
242874,誰說理組沒正妹？120-121話,1
241167,誰說理組沒正妹？118-119話,1
239348,誰說理組沒正妹？116-117話,1
237475,誰說理組沒正妹？114-115話,1
235270,誰說理組沒正妹？112-113話,1
232148,誰說理組沒正妹？110-111話,1
230459,誰說理組沒正妹？108-109話,1
228842,誰說理組沒正妹？106-107話,1
227198,誰說理組沒正妹？104-105話,1
225778,誰說理組沒正妹？102-103話,1
224359,誰說理組沒正妹？100-101話,1
222857,誰說理組沒正妹？98-99話,1
221232,誰說理組沒正妹？96-97話,1
219709,誰說理組沒正妹？94-95話,1
217843,誰說理組沒正妹？92-93話,1
215342,誰說理組沒正妹？90-91話,1
213366,誰說理組沒正妹？88-89話,1
211550,誰說理組沒正妹？86-87話,1
209867,誰說理組沒正妹？84-85話,1
208053,誰說理組沒正妹？82-83話,1
206567,誰說理組沒正妹？80-81話,1
205063,誰說理組沒正妹？79話,1
203325,誰說理組沒正妹？78話,1
201503,誰說理組沒正妹？76-77話,1
199787,誰說理組沒正妹？74-75話,1
197643,誰說理組沒正妹？72-73話,1
195967,誰說理組沒正妹？70-71話,1
194164,誰說理組沒正妹？68-69話,1
192104,誰說理組沒正妹？66-67話,1
189986,誰說理組沒正妹？64-65話,1
187659,誰說理組沒正妹？62-63話,1
184867,誰說理組沒正妹？60-61話,1
183076,誰說理組沒正妹？58-59話,1
181150,誰說理組沒正妹？56-57話,1
179225,誰說理組沒正妹？54-55話,1
177418,誰說理組沒正妹？52-53話,1
175700,誰說理組沒正妹？50-51話,1
174026,誰說理組沒正妹？48-49話,1
172174,誰說理組沒正妹？46-47話,1
170137,誰說理組沒正妹？44-45話,1
167803,誰說理組沒正妹？42-43話,1
165668,誰說理組沒正妹？40-41話,1
163868,誰說理組沒正妹？ 38-39話,1
162015,誰說理組沒正妹？ 36-37話,1
160044,誰說理組沒正妹？ 34-35話,1
158282,誰說理組沒正妹？ 32-33話,1
156562,誰說理組沒正妹？ 30-31話,1
154572,誰說理組沒正妹？ 28-29話,1
152380,誰說理組沒正妹？ 26-27話,1
150398,誰說理組沒正妹？ 24-25話,1
148862,誰說理組沒正妹？ 22-23話,1
147201,誰說理組沒正妹？ 20-21話,1
145440,誰說理組沒正妹？ 18-19話,1
143316,誰說理組沒正妹？ 16-17話,1
141542,誰說理組沒正妹？ 14-15話,1
140213,誰說理組沒正妹？ 12-13話,1
139041,誰說理組沒正妹？ 10-11話,1
138041,誰說理組沒正妹？ 8-9話,1
136869,誰說理組沒正妹？ 1-7話,1
244578,深度交流會 110話[完結],1
242995,深度交流會 108-109話,1
241267,深度交流會 106-107話,1
239476,深度交流會 104-105話,1
237604,深度交流會 102-103話,1
235546,深度交流會 100-101話,1
232284,深度交流會 98-99話,1
230587,深度交流會 96-97話,1
228969,深度交流會 94-95話,1
227307,深度交流會 92-93話,1
225896,深度交流會 90-91話,1
224467,深度交流會 88-89話,1
222997,深度交流會 86-87話,1
221345,深度交流會 84-85話,1
219823,深度交流會 82-83話,1
217979,深度交流會 80-81話,1
215517,深度交流會 78-79話,1
213521,深度交流會 76-77話,1
211670,深度交流會 74-75話,1
210091,深度交流會 72-73話,1
208170,深度交流會 70-71話,1
206712,深度交流會 68-69話,1
205161,深度交流會 66-67話,1
203465,深度交流會 64-65話,1
201625,深度交流會 62-63話,1
199915,深度交流會 60-61話,1
197833,深度交流會 58-59話,1
196061,深度交流會 56-57話,1
194293,深度交流會 54-55話,1
192237,深度交流會 52-53話,1
190142,深度交流會 50-51話,1
187814,深度交流會 48-49話,1
185045,深度交流會 46-47話,1
183208,深度交流會 44-45話,1
181303,深度交流會 42-43話,1
179355,深度交流會 40-41話,1
177501,深度交流會 38-39話,1
175852,深度交流會 36-37話,1
174210,深度交流會 34-35話,1
172323,深度交流會 32-33話,1
170317,深度交流會 30-31話,1
167960,深度交流會 28-29話,1
165792,深度交流會 26-27話,1
164066,深度交流會 24-25話,1
162112,深度交流會 22-23話,1
160286,深度交流會 20-21話,1
158451,深度交流會 18-19話,1
156687,深度交流會 16-17話,1
154855,深度交流會 14-15話,1
152546,深度交流會 12-13話,1
150610,深度交流會 10-11話,1
148982,深度交流會 8-9話,1
147350,深度交流會 1-7話,1
256055,小孩子才做選擇 93話[完結],1
254414,小孩子才做選擇 91-92話,1
252887,小孩子才做選擇 89-90話,1
251465,小孩子才做選擇 87-88話,1
249767,小孩子才做選擇 85-86話,1
247736,小孩子才做選擇 83-84話,1
245879,小孩子才做選擇 81-82話,1
244194,小孩子才做選擇 79-80話,1
242616,小孩子才做選擇 77-78話,1
240861,小孩子才做選擇 75-76話,1
239104,小孩子才做選擇 73-74話,1
237106,小孩子才做選擇 71-72話,1
234995,小孩子才做選擇 69-70話,1
231901,小孩子才做選擇 67-68話,1
230185,小孩子才做選擇 65-66話,1
228614,小孩子才做選擇 63-64話,1
226999,小孩子才做選擇 61-62話,1
225573,小孩子才做選擇 59-60話,1
224171,小孩子才做選擇 57-58話,1
222587,小孩子才做選擇 55-56話,1
221047,小孩子才做選擇 53-54話,1
219424,小孩子才做選擇 51-52話,1
217553,小孩子才做選擇 49-50話,1
215038,小孩子才做選擇 47-48話,1
213112,小孩子才做選擇 45-46話,1
211336,小孩子才做選擇 43-44話,1
209606,小孩子才做選擇 41-42話,1
207841,小孩子才做選擇 39-40話,1
206310,小孩子才做選擇 37-38話,1
204767,小孩子才做選擇 35-36話,1
203085,小孩子才做選擇 33-34話,1
201323,小孩子才做選擇 31-32話,1
199597,小孩子才做選擇 29-30話,1
197394,小孩子才做選擇 27-28話,1
195776,小孩子才做選擇 25-26話,1
193897,小孩子才做選擇 23-24話,1
191841,小孩子才做選擇 21-22話,1
189688,小孩子才做選擇 19-20話,1
187293,小孩子才做選擇 17-18話,1
184620,小孩子才做選擇 15-16話,1
182816,小孩子才做選擇 13-14話,1
180791,小孩子才做選擇 11-12話,1
178996,小孩子才做選擇 9-10話,1
177180,小孩子才做選擇 7-8話,1
175505,小孩子才做選擇 5-6話,1
173798,小孩子才做選擇 1-4話,1
279348,同居上下舖 104話[完結],1
277306,同居上下舖 102-103話,1
275491,同居上下舖 101話,1
273923,同居上下舖 99-100話,1
272185,同居上下舖 98話,1
270464,同居上下舖 95-97話,1
267582,同居上下舖 93-94話,1
265520,同居上下舖 91-92話,1
263414,同居上下舖 89-90話,1
261109,同居上下舖 88話,1
259511,同居上下舖 86-87話,1
257855,同居上下舖 84-85話,1
256187,同居上下舖 82-83話,1
254543,同居上下舖 80-81話,1
253027,同居上下舖 78-79話,1
251578,同居上下舖 77話,1
249931,同居上下舖 75-76話,1
247856,同居上下舖 73-74話,1
245978,同居上下舖 71-72話,1
244348,同居上下舖 69-70話,1
242760,同居上下舖 68話,1
239278,同居上下舖 67話,1
237333,同居上下舖 65-66話,1
235137,同居上下舖 63-64話,1
232029,同居上下舖 61-62話,1
230297,同居上下舖 60話,1
228768,同居上下舖 58-59話,1
227086,同居上下舖 56-57話,1
225666,同居上下舖 54-55話,1
224253,同居上下舖 53話,1
222740,同居上下舖 51-52話,1
221089,同居上下舖 49-50話,1
219547,同居上下舖 47-48話,1
217718,同居上下舖 45-46話,1
215240,同居上下舖 43-44話,1
213227,同居上下舖 42話,1
211451,同居上下舖 40-41話,1
209714,同居上下舖 38-39話,1
207962,同居上下舖 36-37話,1
206452,同居上下舖 34-35話,1
204909,同居上下舖 32-33話,1
203212,同居上下舖 30-31話,1
201427,同居上下舖 28-29話,1
199728,同居上下舖 26-27話,1
197514,同居上下舖 24-25話,1
195871,同居上下舖 22-23話,1
193960,同居上下舖 20-21話,1
191969,同居上下舖 18-19話,1
189837,同居上下舖 16-17話,1
187478,同居上下舖 14-15話,1
184743,同居上下舖 12-13話,1
182948,同居上下舖 10-11話,1
180964,同居上下舖 8-9話,1
179133,同居上下舖 1-7話,1
265937,大學生活就從社團開始 97話[完結],1
263926,大學生活就從社團開始 95-96話,1
261520,大學生活就從社團開始 93-94話,1
259846,大學生活就從社團開始 91-92話,1
258255,大學生活就從社團開始 89-90話,1
256591,大學生活就從社團開始 87-88話,1
254883,大學生活就從社團開始 85-86話,1
253375,大學生活就從社團開始 83-84話,1
251843,大學生活就從社團開始 81-82話,1
250292,大學生活就從社團開始 79-80話,1
248219,大學生活就從社團開始 77-78話,1
246579,大學生活就從社團開始 75-76話,1
244685,大學生活就從社團開始 73-74話,1
243185,大學生活就從社團開始 71-72話,1
241362,大學生活就從社團開始 69-70話,1
239612,大學生活就從社團開始 67-68話,1
237895,大學生活就從社團開始 65-66話,1
235649,大學生活就從社團開始 63-64話,1
232462,大學生活就從社團開始 61-62話,1
230738,大學生活就從社團開始 59-60話,1
229080,大學生活就從社團開始 57-58話,1
227395,大學生活就從社團開始 55-56話,1
226025,大學生活就從社團開始 53-54話,1
224572,大學生活就從社團開始 51-52話,1
223189,大學生活就從社團開始 49-50話,1
221476,大學生活就從社團開始 47-48話,1
219941,大學生活就從社團開始 45-46話,1
218138,大學生活就從社團開始 43-44話,1
215772,大學生活就從社團開始 41-42話,1
213659,大學生活就從社團開始 39-40話,1
211722,大學生活就從社團開始 37-38話,1
210216,大學生活就從社團開始 35-36話,1
208270,大學生活就從社團開始 33-34話,1
206846,大學生活就從社團開始 31-32話,1
205293,大學生活就從社團開始 29-30話,1
203613,大學生活就從社團開始 27-28話,1
201768,大學生活就從社團開始 25-26話,1
